{
	"partitions" : [
		{
			"name" : "Top",
			"pins" : [
				{
					"name" : "GPIO_0_0",
					"strict" : false
				},
				{
					"name" : "GPIO_0_2",
					"strict" : false
				},
				{
					"name" : "GPIO_0_1",
					"strict" : false
				},
				{
					"name" : "GPIO_0_3",
					"strict" : false
				},
				{
					"name" : "GPIO_0_4",
					"strict" : false
				},
				{
					"name" : "GPIO_0_5",
					"strict" : false
				},
				{
					"name" : "CLOCK_50",
					"strict" : false
				},
				{
					"name" : "KEY_N_0",
					"strict" : false
				}
			]
		}
	]
}