<?xml version="1.0" encoding="UTF-8"?>
<preferences>
 <debug showDebugMenu="0" />
 <systemtable filter="All Interfaces">
  <columns>
   <connections preferredWidth="95" />
   <irq preferredWidth="34" />
  </columns>
 </systemtable>
 <library
   expandedCategories="Library/Processors and Peripherals/Peripherals,Library/Processors and Peripherals,Project,Library/Interface Protocols,Library,Library/Interface Protocols/PCI Express,Library/Interface Protocols/PCI Express/QSYS Example Designs" />
 <window width="1456" height="876" x="-8" y="-8" />
 <generation synthesis="VHDL" />
 <hdlexample language="VHDL" />
</preferences>
