<?xml version="1.0" encoding="UTF-8"?>
<preferences>
 <debug showDebugMenu="0" />
 <systemtable filter="All Interfaces">
  <columns>
   <connections preferredWidth="127" />
   <irq preferredWidth="47" />
   <description preferredWidth="236" />
   <export preferredWidth="168" />
   <inputclock preferredWidth="72" />
  </columns>
 </systemtable>
 <library
   expandedCategories="Library/Interface Protocols,Library/Processors and Peripherals/Peripherals,Library/Processors and Peripherals,Library/Interface Protocols/PCI Express,Project,Library,Library/Interface Protocols/PCI Express/QSYS Example Designs" />
 <window width="1440" height="860" x="0" y="0" />
 <generation synthesis="VHDL" />
 <hdlexample language="VHDL" />
</preferences>
