<?xml version="1.0" encoding="UTF-8" standalone="no"?>
<project>
	<configuration id="com.arm.eclipse.build.config.baremetal.exe.debug.1764736175" name="Debug">
		<extension point="org.eclipse.cdt.core.LanguageSettingsProvider">
			<provider copy-of="extension" id="org.eclipse.cdt.ui.UserLanguageSettingsProvider"/>
			<provider-reference id="org.eclipse.cdt.core.ReferencedProjectsLanguageSettingsProvider" ref="shared-provider"/>
			<provider-reference id="org.eclipse.cdt.managedbuilder.core.MBSLanguageSettingsProvider" ref="shared-provider"/>
			<provider class="com.arm.eclipse.builder.armcc.discovery.ArmCompiler5LanguageSettingsProvider" console="false" env-hash="-879378041040669985" id="com.arm.eclipse.builder.armcc.v5.langprovider" keep-relative-paths="false" name="ARM Compiler 5 Built-in Compiler Settings" parameter="${COMMAND} ${FLAGS} --list-macros &quot;${INPUTS}&quot;" prefer-non-shared="true">
				<language-scope id="com.arm.eclipse.builder.armcc.lang.c"/>
				<language-scope id="com.arm.eclipse.builder.armcc.lang.cpp"/>
			</provider>
		</extension>
	</configuration>
	<configuration id="com.arm.eclipse.build.config.baremetal.exe.release.886539411" name="Release">
		<extension point="org.eclipse.cdt.core.LanguageSettingsProvider">
			<provider copy-of="extension" id="org.eclipse.cdt.ui.UserLanguageSettingsProvider"/>
			<provider-reference id="org.eclipse.cdt.core.ReferencedProjectsLanguageSettingsProvider" ref="shared-provider"/>
			<provider-reference id="org.eclipse.cdt.managedbuilder.core.MBSLanguageSettingsProvider" ref="shared-provider"/>
			<provider class="com.arm.eclipse.builder.armcc.discovery.ArmCompiler5LanguageSettingsProvider" console="false" env-hash="-843346905889065441" id="com.arm.eclipse.builder.armcc.v5.langprovider" keep-relative-paths="false" name="ARM Compiler 5 Built-in Compiler Settings" parameter="${COMMAND} ${FLAGS} --list-macros &quot;${INPUTS}&quot;" prefer-non-shared="true">
				<language-scope id="com.arm.eclipse.builder.armcc.lang.c"/>
				<language-scope id="com.arm.eclipse.builder.armcc.lang.cpp"/>
			</provider>
		</extension>
	</configuration>
</project>
